<?xml version="1.0" encoding="utf-8" standalone="yes"?>
<window>
    <onload>RunScript(script.foobar)</onload>
    <onunload>SetProperty(foo,bar)</onunload>
    <defaultcontrol always="false">2</defaultcontrol>
    <menucontrol>9000</menucontrol>
    <backgroundcolor>0xff00ff00</backgroundcolor>
    <views>50,51,509,510</views>
    <visible>Window.IsActive(Home)</visible>
    <animation effect="fade" time="100">WindowOpen</animation>
    <animation effect="slide" end="0,576" time="100">WindowClose</animation>
    <zorder>1</zorder>
    <coordinates>
        <left>40</left>
        <top>50</top>
        <origin x="100" y="50">Window.IsActive(Home)</origin>
    </coordinates>
    <previouswindow>MyVideos</previouswindow>
    <controls>
        <control>
        </control>
        ....
    </controls>
</window>
