<?xml version="1.0" encoding="utf-8" standalone="yes"?>
<settings version="1">
    <section id="plugin.WankWankWank">
        <category id="Debug" label="32001">
            <group id="debug_group" label="32001">
                <setting id="debug" type="boolean" label="32001" help="">
                    <level>0</level>
                    <default>false</default>
                    <control type="toggle"/>
                </setting>
            </group>
        </category>
        <category id="General" label="42000">
            <group id="pin_code" label="42001">
                <setting id="is_pin_code" type="boolean" label="42001" help="">
                    <level>0</level>
                    <default>false</default>
                    <control type="toggle"/>
<!--                    <onclick>RunPlugin(plugin://plugin.WankWankWank/update_settings/update_is_pin_code)</onclick>-->
                </setting>
                <setting id="set_pin_code" type="string" label="42002" help="" parent="is_pin_code">
                    <level>0</level>
                    <default>0000</default>
<!--                    <control type="edit" format="integer">-->
<!--		                <heading>42002</heading>-->
<!--	                </control>-->
                    <control type="button" format="action">
                        <heading>42002</heading>
<!--                        <data>RunScript(weather.yahoo,Location1)</data>-->
<!--                        <data>RunScript(resources.lib.plugin_porn.update_settings, update_pin_code)</data>-->
                        <data>RunPlugin(plugin://plugin.WankWankWank/update_settings/update_pin_code)</data>
<!--                        <close>true</close>-->
                    </control>
                    <dependencies>
                        <dependency type="enable">
                            <or>
                                <condition setting="is_pin_code">true</condition>
                            </or>
                        </dependency>
                    </dependencies>
                </setting>
            </group>
            <group id="send_data" label="42003">
                <setting id="is_send_data" type="boolean" label="42003" help="">
                    <level>0</level>
                    <default>false</default>
                    <control type="toggle"/>
<!--                    <onclick>RunPlugin(plugin://plugin.WankWankWank/update_settings/update_is_pin_code)</onclick>-->
                </setting>
            </group>
        </category>
    </section>
</settings>
