<?xml version="1.0" encoding="UTF-8"?>
<plugins>
	<set name="additions">
		<!--sport section-->
		<plugin type="mod" modfile="sport.dazn" confopt="showdazn" default="True" confcat="sport" gz="0" name="DAZN" icon="dazn" filter="Sport" screen="daznScreen" param1="" param2=""/>
		<plugin type="mod" modfile="sport.pokerstars" confopt="showpokerstars" default="True" confcat="sport" gz="0" name="Pokerstars.tv" icon="pokerstars" filter="Sport" screen="pokerGenreScreen" param1="" param2=""/>
		<!--music section-->
		<plugin type="mod" modfile="music.mtvdecharts" confopt="showMTVdeCharts" default="True" confcat="music" gz="0" name="MTV Charts" icon="mtvdecharts" filter="Music" screen="MTVdeChartsGenreScreen" param1="" param2=""/>
		<plugin type="mod" modfile="music.radio" confopt="showradio" default="True" confcat="music" gz="0" name="Radio" icon="radio" filter="Music" screen="RadioGenreScreen" param1="" param2=""/>
		<plugin type="mod" modfile="music.shoutcast" confopt="showshoutcast" default="True" confcat="music" gz="0" name="shoutcast" icon="shoutcast" filter="Music" screen="ShoutcastGenreScreen" param1="" param2=""/>
		<plugin type="mod" modfile="music.tunein" confopt="showtunein" default="True" confcat="music" gz="0" name="TuneIn" icon="tunein" filter="Music" screen="tuneinGenreScreen" param1="" param2=""/>
		<!--newsdoku section-->
		<plugin type="mod" modfile="newsdoku.focus" confopt="showFocus" default="True" confcat="newsdoku" gz="0" name="Focus" icon="focus" filter="NewsDoku" screen="focusGenre" param1="" param2=""/>
		<plugin type="mod" modfile="newsdoku.autobild" confopt="showAutoBild" default="True" confcat="newsdoku" gz="0" name="Autobild" icon="autobild" filter="NewsDoku" screen="autoBildGenreScreen" param1="" param2=""/>
		<plugin type="mod" modfile="newsdoku.dokus4_me" confopt="showDokus4me" default="True" confcat="newsdoku" gz="0" name="dokus4.me" icon="dokus4_me" filter="NewsDoku" screen="show_D4ME_Genre" param1="" param2=""/>
		<plugin type="mod" modfile="newsdoku.urknall" confopt="showurknall" default="True" confcat="newsdoku" gz="0" name="Urknall, Weltall und das Leben" icon="urknall" filter="NewsDoku" screen="UrknallFilmListeScreen" param1="" param2=""/>
		<!--fun section-->
		<plugin type="mod" modfile="fun.retrotv" confopt="showretrotv" default="True" confcat="fun" gz="0" name="retro-tv" icon="retrotv" filter="Fun" screen="retrotvFilmListeScreen" param1="" param2=""/>
		<plugin type="mod" modfile="fun.hornoxe" confopt="showhornoxe" default="True" confcat="fun" gz="0" name="hornoxe" icon="hornoxe" filter="Fun" screen="hornoxeScreen" param1="" param2=""/>
		<plugin type="mod" modfile="fun.ccc" confopt="showCCC" default="True" confcat="fun" gz="0" name="CCC Media" icon="ccc" filter="Fun" screen="CccOverviewScreen" param1="" param2=""/>
		<plugin type="mod" modfile="fun.cczwei" confopt="showCC2" default="True" confcat="fun" gz="0" name="CC2.tv" icon="cczwei" filter="Fun" screen="cczwei" param1="" param2=""/>
		<plugin type="mod" modfile="fun.itunestrailers" confopt="showitunestrailers" default="True" confcat="fun" gz="0" name="iTunes Movie Trailers" icon="itunesmovietrailers" filter="Fun" screen="itunestrailersGenreScreen" param1="" param2=""/>
		<plugin type="mod" modfile="fun.liveleak" confopt="showLiveLeak" default="False" confcat="fun" gz="0" name="LiveLeak" icon="liveleak" filter="Fun" screen="LiveLeakScreen" param1="" param2=""/>
		<plugin type="mod" modfile="fun.gaskrank_tv" confopt="showGaskrank" default="False" confcat="fun" gz="0" name="Gaskrank.tv" icon="gaskrank_tv" filter="Fun" screen="show_GKTV_Genre" param1="" param2=""/>
		<plugin type="mod" modfile="fun.lachmeister_de" confopt="showLachmeister" default="False" confcat="fun" gz="0" name="Lachmeister" icon="lachmeister_de" filter="Fun" screen="show_LMDE_Genre" param1="" param2=""/>
		<plugin type="mod" modfile="fun.lachschon_de" confopt="showLachschon" default="True" confcat="fun" gz="0" name="LACHSCHON.DE" icon="lachschon_de" filter="Fun" screen="show_LSDE_Genre" param1="" param2=""/>
		<plugin type="mod" modfile="fun.twitch" confopt="showTwitch" default="True" confcat="fun" gz="0" name="Twitch" icon="twitch" filter="Mediathek/Fun" screen="twitchMainScreen" param1="" param2=""/>
		<plugin type="mod" modfile="fun.chefkoch" confopt="showChefkoch" default="True" confcat="fun" gz="0" name="Chefkoch.de" icon="chefkoch" filter="Fun" screen="chefkochGenreScreen" param1="" param2=""/>
		<!--mediatheken section-->
		<plugin type="mod" modfile="mediatheken.netflix" confopt="shownetflix" default="True" confcat="mediatheken" gz="0" name="Netflix" icon="netflix" filter="Mediathek" screen="netflixScreen" param1="" param2=""/>
		<plugin type="mod" modfile="mediatheken.primevideo" confopt="showprimevideo" default="True" confcat="mediatheken" gz="0" name="Prime Video" icon="primevideo" filter="Mediathek" screen="AmazonScreen" param1="" param2=""/>
		<plugin type="mod" modfile="mediatheken.dreisat" confopt="showDreisat" default="True" confcat="mediatheken" gz="0" name="3sat Mediathek" icon="3sat" filter="Mediathek" screen="dreisatGenreScreen" param1="" param2=""/>
		<plugin type="mod" modfile="mediatheken.ard" confopt="showARD" default="True" confcat="mediatheken" gz="0" name="ARD Mediathek" icon="ard" filter="Mediathek" screen="ARDGenreScreen" param1="" param2=""/>
		<plugin type="mod" modfile="mediatheken.arte" confopt="showArte" default="True" confcat="mediatheken" gz="0" name="arte Mediathek" icon="arte" filter="Mediathek" screen="arteFirstScreen" param1="" param2=""/>
		<plugin type="mod" modfile="mediatheken.atv" confopt="showatv" default="True" confcat="mediatheken" gz="0" name="ATV Mediathek" icon="atv" filter="Mediathek" screen="atvGenreScreen" param1="" param2=""/>
		<plugin type="mod" modfile="mediatheken.brf" confopt="showbrf" default="True" confcat="mediatheken" gz="0" name="BRF Mediathek" icon="brf" filter="Mediathek" screen="brfGenreScreen" param1="" param2=""/>
		<plugin type="mod" modfile="mediatheken.funk" confopt="showFUNK" default="True" confcat="mediatheken" gz="0" name="FUNK" icon="funk" filter="Mediathek" screen="funkGenreScreen" param1="" param2=""/>
		<plugin type="mod" modfile="mediatheken.kindertube" confopt="showkindertube" default="True" confcat="mediatheken" gz="0" name="KinderTube" icon="kindertube" filter="Mediathek" screen="kindertubeMain" param1="" param2="" kids="1"/>
		<plugin type="mod" modfile="mediatheken.myspass" confopt="showmyspass" default="True" confcat="mediatheken" gz="0" name="MySpass" icon="myspass" filter="Mediathek" screen="myspassGenreScreen" param1="" param2=""/>
		<plugin type="mod" modfile="mediatheken.netzkino" confopt="showNetzKino" default="True" confcat="mediatheken" gz="0" name="Netzkino" icon="netzkino" filter="Mediathek" screen="netzKinoGenreScreen" param1="" param2=""/>
		<plugin type="mod" modfile="mediatheken.popcorntimes" confopt="showpopcorntimes" default="True" confcat="mediatheken" gz="0" name="Popcorntimes" icon="popcorntimes" filter="Mediathek" screen="popcorntimesGenreScreen" param1="" param2=""/>
		<plugin type="mod" modfile="mediatheken.servustv" confopt="showServusTV" default="True" confcat="mediatheken" gz="0" name="ServusTV" icon="servustv" filter="Mediathek" screen="sTVGenreScreen" param1="" param2=""/>
		<plugin type="mod" modfile="mediatheken.southpark" confopt="showsouthpark" default="True" confcat="mediatheken" gz="0" name="Southpark.de" icon="southpark" filter="Mediathek" screen="SouthparkGenreScreen" param1="" param2=""/>
		<plugin type="mod" modfile="mediatheken.srg" confopt="showSRG" default="True" confcat="mediatheken" gz="0" name="SRG Play" icon="srg" filter="Mediathek" screen="SRGGenreScreen" param1="" param2=""/>
		<plugin type="mod" modfile="mediatheken.tvnow" confopt="showtvnow" default="True" confcat="mediatheken" gz="0" name="TVNOW" icon="tvnow" filter="Mediathek" screen="tvnowFirstScreen" param1="" param2=""/>
		<plugin type="mod" modfile="mediatheken.orf" confopt="showORF" default="True" confcat="mediatheken" gz="0" name="ORF TVthek" icon="orf" filter="Mediathek" screen="ORFGenreScreen" param1="" param2=""/>
		<plugin type="mod" modfile="mediatheken.youtube" confopt="showyoutube" default="True" confcat="mediatheken" gz="0" name="YouTube" icon="youtube" filter="Mediathek/Music/Sport" screen="youtubeGenreScreen" param1="" param2=""/>
		<plugin type="mod" modfile="mediatheken.youtube_user" confopt="showyoutubeuser" default="True" confcat="mediatheken" gz="0" name="YouTube Channels" icon="userchannels" filter="Mediathek" screen="show_USER_Genre" param1="" param2=""/>
		<plugin type="mod" modfile="mediatheken.zdf" confopt="showZDF" default="True" confcat="mediatheken" gz="0" name="ZDF Mediathek" icon="zdf" filter="Mediathek" screen="ZDFGenreScreen" param1="" param2=""/>
		<!--porn section-->
		<plugin type="mod" modfile="porn.chaturbate" confopt="showchaturbate" default="False" confcat="porn" gz="0" name="Chaturbate" icon="chaturbate" filter="Porn" screen="chaturbateGenreScreen" param1="" param2="" />
		<plugin type="mod" modfile="porn.cam4" confopt="showcam4" default="False" confcat="porn" gz="0" name="Cam4" icon="cam4" filter="Porn" screen="cam4GenreScreen" param1="" param2="" />
		<plugin type="mod" modfile="porn.bongacams" confopt="showbongacams" default="False" confcat="porn" gz="0" name="BongaCams" icon="bongacams" filter="Porn" screen="bongacamsGenreScreen" param1="" param2="" />
		<plugin type="mod" modfile="porn.camsoda" confopt="showcamsoda" default="False" confcat="porn" gz="0" name="CamSoda" icon="camsoda" filter="Porn" screen="camsodaGenreScreen" param1="" param2="" />
		<plugin type="mod" modfile="porn.x2search4porn" confopt="show2search4porn" default="True" confcat="porn" gz="0" name="2Search4Porn" icon="2search4porn" filter="Porn" screen="toSearchForPorn" param1="" param2=""/>
		<plugin type="mod" modfile="porn.brazzers" confopt="showbrazzerscom" default="False" confcat="porn" gz="0" name="Brazzers.com" icon="brazzers" filter="Porn" screen="brazzersGenreScreen" param1="" param2="" search="1" delim="+" searchurl="%s" searchscreen="brazzersFilmScreen" searchparam=""/>
		<plugin type="mod" modfile="porn.mofos" confopt="showmofoscom" default="False" confcat="porn" gz="0" name="Mofos.com" icon="mofos" filter="Porn" screen="mofosGenreScreen" param1="" param2="" search="0" delim="" searchurl="" searchscreen="" searchparam=""/>
		<plugin type="mod" modfile="porn.nubilefilms" confopt="shownubilefilms" default="False" confcat="porn" gz="0" name="Nubilefilms.com" icon="nubilefilms" filter="Porn" screen="nubilefilmsGenreScreen" param1="" param2="" search="0" delim="" searchurl="" searchscreen="" searchparam=""/>
		<plugin type="mod" modfile="porn.teamskeet" confopt="showteamskeetcom" default="False" confcat="porn" gz="0" name="TeamSkeet.com" icon="teamskeet" filter="Porn" screen="teamskeetGenreScreen" param1="" param2="" search="1" delim="%20" searchurl="%s" searchscreen="teamskeetFilmScreen" searchparam=""/>
		<plugin type="mod" modfile="porn.cumlouder" confopt="showcumlouder" default="False" confcat="porn" gz="0" name="Cumlouder" icon="cumlouder" filter="Porn" screen="cumlouderGenreScreen" param1="" param2="" search="1" delim="%20" searchurl="%s" searchscreen="cumlouderFilmScreen" searchparam=""/>
		<plugin type="mod" modfile="porn.pornhub" confopt="showpornhub" default="False" confcat="porn" gz="0" name="Pornhub" icon="pornhub" filter="Porn" screen="pornhubGenreScreen" param1="" param2="" search="1" delim="+" searchurl="https://www.pornhub.com/video/search?search=%s&amp;page=" searchscreen="pornhubFilmScreen" searchparam=""/>
		<plugin type="mod" modfile="porn.xvideos" confopt="showxvideos" default="False" confcat="porn" gz="0" name="XVideos" icon="xvideos" filter="Porn" screen="xvideosGenreScreen" param1="" param2="" search="1" delim="+" searchurl="%s" searchscreen="xvideosFilmScreen" searchparam=", True"/>
		<plugin type="mod" modfile="porn.xnxx" confopt="showxnxx" default="False" confcat="porn" gz="0" name="XNXX" icon="xnxx" filter="Porn" screen="xnxxGenreScreen" param1="" param2="" search="1" delim="+" searchurl="%s" searchscreen="xnxxFilmScreen" searchparam=""/>
		<plugin type="mod" modfile="porn.youjizz" confopt="showyoujizz" default="False" confcat="porn" gz="0" name="YouJizz" icon="youjizz" filter="Porn" screen="youjizzGenreScreen" param1="" param2="" search="1" delim="-" searchurl="%s" searchscreen="youjizzFilmScreen" searchparam=""/>
		<plugin type="mod" modfile="porn.spankbang" confopt="showspankbang" default="False" confcat="porn" gz="0" name="SpankBang" icon="spankbang" filter="Porn" screen="spankbangGenreScreen" param1="" param2="" search="1" delim="+" searchurl="%s" searchscreen="spankbangFilmScreen" searchparam=", True, True"/>
		<plugin type="mod" modfile="porn.redtube" confopt="showredtube" default="False" confcat="porn" gz="0" name="RedTube" icon="redtube" filter="Porn" screen="redtubeGenreScreen" param1="" param2="" search="1" delim="+" searchurl="%s" searchscreen="redtubeFilmScreen" searchparam=", True"/>
		<plugin type="mod" modfile="porn.youporn" confopt="showyouporn" default="False" confcat="porn" gz="0" name="YouPorn" icon="youporn" filter="Porn" screen="youpornGenreScreen" param1="" param2="" search="1" delim="+" searchurl="https://www.youporn.com/search/?query=%s&amp;page=" searchscreen="youpornFilmScreen" searchparam=""/>
		<plugin type="mod" modfile="porn.tube8" confopt="showtube8" default="False" confcat="porn" gz="0" name="Tube8" icon="tube8" filter="Porn" screen="tube8GenreScreen" param1="" param2="" search="1" delim="%20" searchurl="%s" searchscreen="tube8FilmScreen" searchparam=""/>
		<plugin type="mod" modfile="porn.xhamster" confopt="showxhamster" default="False" confcat="porn" gz="0" name="xHamster" icon="xhamster" filter="Porn" screen="xhamsterGenreScreen" param1="" param2="" search="1" delim="+" searchurl="%s" searchscreen="xhamsterFilmScreen" searchparam=""/>
		<plugin type="mod" modfile="porn.porndoe" confopt="showporndoe" default="False" confcat="porn" gz="0" name="Porndoe" icon="porndoe" filter="Porn" screen="porndoeGenreScreen" param1="" param2="" search="1" delim="+" searchurl="%s" searchscreen="porndoeFilmScreen" searchparam=", False"/>
		<plugin type="mod" modfile="porn.porngo" confopt="showporngo" default="False" confcat="porn" gz="0" name="PornGO" icon="porngo" filter="Porn" screen="porngoGenreScreen" param1="" param2="" search="1" delim="-" searchurl="%s" searchscreen="porngoFilmScreen" searchparam=""/>
		<plugin type="mod" modfile="porn.pornxio" confopt="showpornxio" default="False" confcat="porn" gz="0" name="PornXio" icon="pornxio" filter="Porn" screen="pornxioGenreScreen" param1="pornxio" param2="" search="1" delim="-" searchurl="%s" searchscreen="pornxioFilmScreen" searchparam=", &quot;PornXio.com&quot;, &quot;https://pornxio.com&quot;"/>
		<plugin type="mod" modfile="porn.pornxio" confopt="showhandjobhub" default="False" confcat="porn" gz="0" name="HandjobHub" icon="handjobhub" filter="Porn" screen="pornxioGenreScreen" param1="handjobhub" param2="" search="1" delim="-" searchurl="%s" searchscreen="pornxioFilmScreen" searchparam=", &quot;HandjobHub.com&quot;, &quot;https://handjobhub.com&quot;"/>
		<plugin type="mod" modfile="porn.pornxio" confopt="showhypnotube" default="False" confcat="porn" gz="0" name="hypnotube" icon="hypnotube" filter="Porn" screen="pornxioGenreScreen" param1="hypnotube" param2="" search="1" delim="-" searchurl="%s" searchscreen="pornxioFilmScreen" searchparam=", &quot;hypnotube.com&quot;, &quot;https://hypnotube.com&quot;"/>
		<plugin type="mod" modfile="porn.pornxio" confopt="showlaidhub" default="False" confcat="porn" gz="0" name="LaidHub" icon="laidhub" filter="Porn" screen="pornxioGenreScreen" param1="laidhub" param2="" search="1" delim="-" searchurl="%s" searchscreen="pornxioFilmScreen" searchparam=", &quot;LaidHub.com&quot;, &quot;https://www.laidhub.com&quot;"/>
		<plugin type="mod" modfile="porn.pornxio" confopt="shownudez" default="False" confcat="porn" gz="0" name="Nudez" icon="nudez" filter="Porn" screen="pornxioGenreScreen" param1="nudez" param2="" search="1" delim="-" searchurl="%s" searchscreen="pornxioFilmScreen" searchparam=", &quot;Nudez.com&quot;, &quot;https://nudez.com&quot;"/>
		<plugin type="mod" modfile="porn.pornxio" confopt="showwetsins" default="False" confcat="porn" gz="0" name="WetSins" icon="wetsins" filter="Porn" screen="pornxioGenreScreen" param1="wetsins" param2="" search="1" delim="-" searchurl="%s" searchscreen="pornxioFilmScreen" searchparam=", &quot;WetSins.com&quot;, &quot;https://www.wetsins.com&quot;"/>
		<plugin type="mod" modfile="porn.pornxio" confopt="showeroxia" default="False" confcat="porn" gz="0" name="Eroxia" icon="eroxia" filter="Porn" screen="pornxioGenreScreen" param1="eroxia" param2="" search="1" delim="-" searchurl="%s" searchscreen="pornxioFilmScreen" searchparam=", &quot;Eroxia.com&quot;, &quot;https://www.eroxia.com&quot;"/>
		<plugin type="mod" modfile="porn.pornxio" confopt="showxnxxhamster" default="False" confcat="porn" gz="0" name="XNXXHamster" icon="xnxxhamster" filter="Porn" screen="pornxioGenreScreen" param1="xnxxhamster" param2="" search="1" delim="-" searchurl="%s" searchscreen="pornxioFilmScreen" searchparam=", &quot;XNXXHamster.net&quot;, &quot;https://xnxxhamster.net&quot;"/>
		<plugin type="mod" modfile="porn.pornxio" confopt="showdrporntube" default="False" confcat="porn" gz="0" name="DrPornTube" icon="drporntube" filter="Porn" screen="pornxioGenreScreen" param1="drporntube" param2="" search="1" delim="-" searchurl="%s" searchscreen="pornxioFilmScreen" searchparam=", &quot;DrPornTube.com&quot;, &quot;https://www.drporntube.com&quot;"/>
		<plugin type="mod" modfile="porn.pornxio" confopt="showsinclips" default="False" confcat="porn" gz="0" name="SinClips" icon="sinclips" filter="Porn" screen="pornxioGenreScreen" param1="sinclips" param2="" search="1" delim="-" searchurl="%s" searchscreen="pornxioFilmScreen" searchparam=", &quot;SinClips.com&quot;, &quot;https://sinclips.com&quot;"/>
		<plugin type="mod" modfile="porn.camhub" confopt="showcamhub" default="False" confcat="porn" gz="0" name="Camhub" icon="camhub" filter="Porn" screen="camhubGenreScreen" param1="" param2="" search="1" delim="-" searchurl="%s" searchscreen="camhubFilmScreen" searchparam=""/>
		<plugin type="mod" modfile="porn.pornoreino" confopt="showpornoreino" default="False" confcat="porn" gz="0" name="PornoReino" icon="pornoreino" filter="Porn" screen="pornoreinoGenreScreen" param1="" param2="" search="1" delim="-" searchurl="%s" searchscreen="pornoreinoFilmScreen" searchparam=""/>
		<plugin type="mod" modfile="porn.slutload" confopt="showslutload" default="False" confcat="porn" gz="0" name="Slutload" icon="slutload" filter="Porn" screen="slutloadGenreScreen" param1="slutload" param2="" search="1" delim="-" searchurl="%s" searchscreen="slutloadFilmScreen" searchparam=", &quot;Slutload.com&quot;, &quot;https://www.slutload.com&quot;"/>
		<plugin type="mod" modfile="porn.slutload" confopt="showmadthumbs" default="False" confcat="porn" gz="0" name="MadThumbs" icon="madthumbs" filter="Porn" screen="slutloadGenreScreen" param1="madthumbs" param2="" search="1" delim="-" searchurl="%s" searchscreen="slutloadFilmScreen" searchparam=", &quot;MadThumbs.com&quot;, &quot;http://www.madthumbs.com&quot;"/>
		<plugin type="mod" modfile="porn.slutload" confopt="showfapster" default="False" confcat="porn" gz="0" name="Fapster" icon="fapster" filter="Porn" screen="slutloadGenreScreen" param1="fapster" param2="" search="1" delim="-" searchurl="%s" searchscreen="slutloadFilmScreen" searchparam=", &quot;Fapster.xxx&quot;, &quot;https://fapster.xxx&quot;"/>
		<plugin type="mod" modfile="porn.slutload" confopt="showvqtube" default="False" confcat="porn" gz="0" name="VQTube" icon="vqtube" filter="Porn" screen="slutloadGenreScreen" param1="vqtube" param2="" search="1" delim="-" searchurl="%s" searchscreen="slutloadFilmScreen" searchparam=", &quot;VQTube.com&quot;, &quot;https://vqtube.com&quot;"/>
		<plugin type="mod" modfile="porn.slutload" confopt="showporntube69" default="False" confcat="porn" gz="0" name="PornTube69" icon="porntube69" filter="Porn" screen="slutloadGenreScreen" param1="porntube69" param2="" search="1" delim="-" searchurl="%s" searchscreen="slutloadFilmScreen" searchparam=", &quot;PornTube69.net&quot;, &quot;https://www.porntube69.net&quot;"/>
		<plugin type="mod" modfile="porn.slutload" confopt="showmegatube" default="False" confcat="porn" gz="0" name="MegaTube" icon="megatube" filter="Porn" screen="slutloadGenreScreen" param1="megatube" param2="" search="1" delim="-" searchurl="%s" searchscreen="slutloadFilmScreen" searchparam=", &quot;MegaTube.xxx&quot;, &quot;https://www.megatube.xxx&quot;"/>
		<plugin type="mod" modfile="porn.slutload" confopt="showwatchmygf" default="False" confcat="porn" gz="0" name="WatchMyGF" icon="watchmygf" filter="Porn" screen="slutloadGenreScreen" param1="watchmygf" param2="" search="1" delim="-" searchurl="%s" searchscreen="slutloadFilmScreen" searchparam=", &quot;WatchMyGF.me&quot;, &quot;https://www.watchmygf.me&quot;"/>
		<plugin type="mod" modfile="porn.slutload" confopt="showwatchmyexgf" default="False" confcat="porn" gz="0" name="WatchMyExGF" icon="watchmyexgf" filter="Porn" screen="slutloadGenreScreen" param1="watchmyexgf" param2="" search="1" delim="-" searchurl="%s" searchscreen="slutloadFilmScreen" searchparam=", &quot;WatchMyExGF.net&quot;, &quot;https://www.watchmyexgf.net&quot;"/>
		<plugin type="mod" modfile="porn.slutload" confopt="showtropictube" default="False" confcat="porn" gz="0" name="TropicTube" icon="tropictube" filter="Porn" screen="slutloadGenreScreen" param1="tropictube" param2="" search="1" delim="-" searchurl="%s" searchscreen="slutloadFilmScreen" searchparam=", &quot;TropicTube.com&quot;, &quot;https://www.tropictube.com&quot;"/>
		<plugin type="mod" modfile="porn.slutload" confopt="showpunishbang" default="False" confcat="porn" gz="0" name="PunishBang" icon="punishbang" filter="Porn" screen="slutloadGenreScreen" param1="punishbang" param2="" search="1" delim="-" searchurl="%s" searchscreen="slutloadFilmScreen" searchparam=", &quot;PunishBang.com&quot;, &quot;https://www.punishbang.com&quot;"/>
		<plugin type="mod" modfile="porn.slutload" confopt="showpornfd" default="False" confcat="porn" gz="0" name="PornFD" icon="pornfd" filter="Porn" screen="slutloadGenreScreen" param1="pornfd" param2="" search="1" delim="-" searchurl="%s" searchscreen="slutloadFilmScreen" searchparam=", &quot;PornFD.com&quot;, &quot;https://www.pornfd.com&quot;"/>
		<plugin type="mod" modfile="porn.slutload" confopt="showpornbimbo" default="False" confcat="porn" gz="0" name="PornBimbo" icon="pornbimbo" filter="Porn" screen="slutloadGenreScreen" param1="pornbimbo" param2="" search="1" delim="-" searchurl="%s" searchscreen="slutloadFilmScreen" searchparam=", &quot;PornBimbo.com&quot;, &quot;http://pornbimbo.com&quot;"/>
		<plugin type="mod" modfile="porn.slutload" confopt="showboundhub" default="False" confcat="porn" gz="0" name="BoundHub" icon="boundhub" filter="Porn" screen="slutloadGenreScreen" param1="boundhub" param2="" search="1" delim="-" searchurl="%s" searchscreen="slutloadFilmScreen" searchparam=", &quot;BoundHub.com&quot;, &quot;https://www.boundhub.com&quot;"/>
		<plugin type="mod" modfile="porn.slutload" confopt="showeroclips" default="False" confcat="porn" gz="0" name="EroClips" icon="eroclips" filter="Porn" screen="slutloadGenreScreen" param1="eroclips" param2="" search="1" delim="-" searchurl="%s" searchscreen="slutloadFilmScreen" searchparam=", &quot;EroClips.org&quot;, &quot;http://www.eroclips.org&quot;"/>
		<plugin type="mod" modfile="porn.slutload" confopt="showcamvideos" default="False" confcat="porn" gz="0" name="CamVideos" icon="camvideos" filter="Porn" screen="slutloadGenreScreen" param1="camvideos" param2="" search="1" delim="-" searchurl="%s" searchscreen="slutloadFilmScreen" searchparam=", &quot;CamVideos.tv&quot;, &quot;http://www.camvideos.tv&quot;"/>
		<plugin type="mod" modfile="porn.slutload" confopt="showanonv" default="False" confcat="porn" gz="0" name="Anon-V" icon="anonv" filter="Porn" screen="slutloadGenreScreen" param1="anonv" param2="" search="1" delim="-" searchurl="%s" searchscreen="slutloadFilmScreen" searchparam=", &quot;Anon-V.com&quot;, &quot;https://anon-v.com&quot;"/>
		<plugin type="mod" modfile="porn.slutload" confopt="showmrdeepfakes" default="False" confcat="porn" gz="0" name="MrDeepFakes" icon="mrdeepfakes" filter="Porn" screen="slutloadGenreScreen" param1="mrdeepfakes" param2="" search="1" delim="-" searchurl="%s" searchscreen="slutloadFilmScreen" searchparam=", &quot;MrDeepFakes.com&quot;, &quot;https://mrdeepfakes.com&quot;"/>
		<plugin type="mod" modfile="porn.slutload" confopt="showebony8" default="False" confcat="porn" gz="0" name="Ebony8" icon="ebony8" filter="Porn" screen="slutloadGenreScreen" param1="ebony8" param2="" search="1" delim="-" searchurl="%s" searchscreen="slutloadFilmScreen" searchparam=", &quot;Ebony8.com&quot;, &quot;https://www.ebony8.com&quot;"/>
		<plugin type="mod" modfile="porn.slutload" confopt="showcamuploads" default="False" confcat="porn" gz="0" name="CamUploads" icon="camuploads" filter="Porn" screen="slutloadGenreScreen" param1="camuploads" param2="" search="1" delim="-" searchurl="%s" searchscreen="slutloadFilmScreen" searchparam=", &quot;CamUploads.com&quot;, &quot;https://www.camuploads.com&quot;"/>
		<plugin type="mod" modfile="porn.pornicom" confopt="showpornicom" default="False" confcat="porn" gz="0" name="Pornicom" icon="pornicom" filter="Porn" screen="pornicomGenreScreen" param1="pornicom" param2="" search="1" delim="+" searchurl="%s" searchscreen="pornicomFilmScreen" searchparam=", &quot;Pornicom.com&quot;, &quot;https://www.pornicom.com&quot;"/>
		<plugin type="mod" modfile="porn.pornicom" confopt="showfetishshrine" default="False" confcat="porn" gz="0" name="FetishShrine" icon="fetishshrine" filter="Porn" screen="pornicomGenreScreen" param1="fetishshrine" param2="" search="1" delim="+" searchurl="%s" searchscreen="pornicomFilmScreen" searchparam=", &quot;FetishShrine.com&quot;, &quot;https://www.fetishshrine.com&quot;"/>
		<plugin type="mod" modfile="porn.pornicom" confopt="showvikiporn" default="False" confcat="porn" gz="0" name="VikiPorn" icon="vikiporn" filter="Porn" screen="pornicomGenreScreen" param1="vikiporn" param2="" search="1" delim="+" searchurl="%s" searchscreen="pornicomFilmScreen" searchparam=", &quot;VikiPorn.com&quot;, &quot;https://www.vikiporn.com&quot;"/>
		<plugin type="mod" modfile="porn.pornicom" confopt="showsleazyneasy" default="False" confcat="porn" gz="0" name="SleazyNEasy" icon="sleazyneasy" filter="Porn" screen="pornicomGenreScreen" param1="sleazyneasy" param2="" search="1" delim="+" searchurl="%s" searchscreen="pornicomFilmScreen" searchparam=", &quot;SleazyNEasy.com&quot;, &quot;https://www.sleazyneasy.com&quot;"/>
		<plugin type="mod" modfile="porn.pornicom" confopt="showkatestube" default="False" confcat="porn" gz="0" name="KatesTube" icon="katestube" filter="Porn" screen="pornicomGenreScreen" param1="katestube" param2="" search="1" delim="+" searchurl="%s" searchscreen="pornicomFilmScreen" searchparam=", &quot;KatesTube.com&quot;, &quot;https://www.katestube.com&quot;"/>
		<plugin type="mod" modfile="porn.pornicom" confopt="showpervclips" default="False" confcat="porn" gz="0" name="PervClips" icon="pervclips" filter="Porn" screen="pornicomGenreScreen" param1="pervclips" param2="" search="1" delim="+" searchurl="%s" searchscreen="pornicomFilmScreen" searchparam=", &quot;PervClips.com&quot;, &quot;https://www.pervclips.com/tube&quot;"/>
		<plugin type="mod" modfile="porn.pornicom" confopt="showwankoz" default="False" confcat="porn" gz="0" name="Wankoz" icon="wankoz" filter="Porn" screen="pornicomGenreScreen" param1="wankoz" param2="" search="1" delim="+" searchurl="%s" searchscreen="pornicomFilmScreen" searchparam=", &quot;Wankoz.com&quot;, &quot;https://www.wankoz.com&quot;"/>
		<plugin type="mod" modfile="porn.pornicom" confopt="showpornwhite" default="False" confcat="porn" gz="0" name="PornWhite" icon="pornwhite" filter="Porn" screen="pornicomGenreScreen" param1="pornwhite" param2="" search="1" delim="+" searchurl="%s" searchscreen="pornicomFilmScreen" searchparam=", &quot;PornWhite.com&quot;, &quot;https://www.pornwhite.com&quot;"/>
		<plugin type="mod" modfile="porn.pornicom" confopt="showsheshaft" default="False" confcat="porn" gz="0" name="Sheshaft" icon="sheshaft" filter="Porn" screen="pornicomGenreScreen" param1="sheshaft" param2="" search="1" delim="+" searchurl="%s" searchscreen="pornicomFilmScreen" searchparam=", &quot;Sheshaft.com&quot;, &quot;https://www.sheshaft.com&quot;"/>
		<plugin type="mod" modfile="porn.pornid" confopt="showpornid" default="False" confcat="porn" gz="0" name="PornID" icon="pornid" filter="Porn" screen="pornidGenreScreen" param1="pornid" param2="" search="1" delim="+" searchurl="%s" searchscreen="pornidFilmScreen" searchparam=", &quot;PornID.xxx&quot;, &quot;https://www.pornid.xxx&quot;"/>
		<plugin type="mod" modfile="porn.pornid" confopt="showsexvid" default="False" confcat="porn" gz="0" name="SexVid" icon="sexvid" filter="Porn" screen="pornidGenreScreen" param1="sexvid" param2="" search="1" delim="+" searchurl="%s" searchscreen="pornidFilmScreen" searchparam=", &quot;SexVid.xxx&quot;, &quot;https://www.sexvid.xxx&quot;"/>
		<plugin type="mod" modfile="porn.pornid" confopt="showhdtube" default="False" confcat="porn" gz="0" name="HDtube" icon="hdtube" filter="Porn" screen="pornidGenreScreen" param1="hdtube" param2="" search="1" delim="+" searchurl="%s" searchscreen="pornidFilmScreen" searchparam=", &quot;HDtube.porn&quot;, &quot;https://www.hdtube.porn&quot;"/>
		<plugin type="mod" modfile="porn.pornid" confopt="showzbporn" default="False" confcat="porn" gz="0" name="ZBPorn" icon="zbporn" filter="Porn" screen="pornidGenreScreen" param1="zbporn" param2="" search="1" delim="+" searchurl="%s" searchscreen="pornidFilmScreen" searchparam=", &quot;ZBPorn.com&quot;, &quot;https://www.zbporn.com&quot;"/>
		<plugin type="mod" modfile="porn.porn7" confopt="showporn7" default="False" confcat="porn" gz="0" name="Porn7" icon="porn7" filter="Porn" screen="porn7GenreScreen" param1="porn7" param2="" search="1" delim="-" searchurl="%s" searchscreen="porn7FilmScreen" searchparam=", &quot;Porn7.xxx&quot;, &quot;https://www.porn7.xxx&quot;"/>
		<plugin type="mod" modfile="porn.porn7" confopt="showadultcartoons" default="False" confcat="porn" gz="0" name="AdultCartoons" icon="adultcartoons" filter="Porn" screen="porn7GenreScreen" param1="adultcartoons" param2="" search="1" delim="-" searchurl="%s" searchscreen="porn7FilmScreen" searchparam=", &quot;AdultCartoons.com&quot;, &quot;https://www.adultcartoons.com&quot;"/>
		<plugin type="mod" modfile="porn.porn7" confopt="showmoviesand" default="False" confcat="porn" gz="0" name="Moviesand" icon="moviesand" filter="Porn" screen="porn7GenreScreen" param1="moviesand" param2="" search="1" delim="-" searchurl="%s" searchscreen="porn7FilmScreen" searchparam=", &quot;Moviesand.com&quot;, &quot;https://www.moviesand.com&quot;"/>
		<plugin type="mod" modfile="porn.porn7" confopt="showbabestube" default="False" confcat="porn" gz="0" name="Babestube" icon="babestube" filter="Porn" screen="porn7GenreScreen" param1="babestube" param2="" search="1" delim="-" searchurl="%s" searchscreen="porn7FilmScreen" searchparam=", &quot;Babestube.com&quot;, &quot;https://www.babestube.com&quot;"/>
		<plugin type="mod" modfile="porn.porn7" confopt="showinterracial" default="False" confcat="porn" gz="0" name="Interracial" icon="interracial" filter="Porn" screen="porn7GenreScreen" param1="interracial" param2="" search="1" delim="-" searchurl="%s" searchscreen="porn7FilmScreen" searchparam=", &quot;Interracial.com&quot;, &quot;https://www.interracial.com&quot;"/>
		<plugin type="mod" modfile="porn.porn7" confopt="showdeviants" default="False" confcat="porn" gz="0" name="Deviants" icon="deviants" filter="Porn" screen="porn7GenreScreen" param1="deviants" param2="" search="1" delim="-" searchurl="%s" searchscreen="porn7FilmScreen" searchparam=", &quot;Deviants.com&quot;, &quot;https://www.deviants.com&quot;"/>
		<plugin type="mod" modfile="porn.pornhat" confopt="showpornhat" default="False" confcat="porn" gz="0" name="PornHat" icon="pornhat" filter="Porn" screen="pornhatGenreScreen" param1="pornhat" param2="" search="1" delim="-" searchurl="%s" searchscreen="pornhatFilmScreen" searchparam=", &quot;PornHat.com&quot;, &quot;https://www.pornhat.com&quot;"/>
		<plugin type="mod" modfile="porn.pornhat" confopt="showokxxx" default="False" confcat="porn" gz="0" name="OK.XXX" icon="okxxx" filter="Porn" screen="pornhatGenreScreen" param1="okxxx" param2="" search="1" delim="-" searchurl="%s" searchscreen="pornhatFilmScreen" searchparam=", &quot;OK.XXX&quot;, &quot;https://www.ok.xxx&quot;"/>
		<plugin type="mod" modfile="porn.tnaflix" confopt="showtnaflix" default="False" confcat="porn" gz="0" name="TnAflix" icon="tnaflix" filter="Porn" screen="TnAflixGenreScreen" param1="tnaflix" param2="" search="1" delim="%20" searchurl="%s" searchscreen="TnAflixFilmScreen" searchparam=", &quot;TnAflix.com&quot;, &quot;https://www.tnaflix.com&quot;"/>
		<plugin type="mod" modfile="porn.tnaflix" confopt="showempflix" default="False" confcat="porn" gz="0" name="Empflix" icon="empflix" filter="Porn" screen="TnAflixGenreScreen" param1="empflix" param2="" search="1" delim="%20" searchurl="%s" searchscreen="TnAflixFilmScreen" searchparam=", &quot;Empflix.com&quot;, &quot;https://www.empflix.com&quot;"/>
		<plugin type="mod" modfile="porn.txxx" confopt="showtxxx" default="False" confcat="porn" gz="0" name="TXXX" icon="txxx" filter="Porn" screen="txxxGenreScreen" param1="txxx" param2="" search="1" delim="+" searchurl="%s" searchscreen="txxxFilmScreen" searchparam=", &quot;TXXX.com&quot;, &quot;https://txxx.com&quot;"/>
		<plugin type="mod" modfile="porn.txxx" confopt="showhclips" default="False" confcat="porn" gz="0" name="HClips" icon="hclips" filter="Porn" screen="txxxGenreScreen" param1="hclips" param2="" search="1" delim="+" searchurl="%s" searchscreen="txxxFilmScreen" searchparam=", &quot;HClips.com&quot;, &quot;https://hclips.com&quot;"/>
		<plugin type="mod" modfile="porn.upornia" confopt="showupornia" default="False" confcat="porn" gz="0" name="Upornia" icon="upornia" filter="Porn" screen="uporniaGenreScreen" param1="" param2="" search="1" delim="+" searchurl="%s" searchscreen="uporniaFilmScreen" searchparam=""/>
		<plugin type="mod" modfile="porn.hdzog" confopt="showhdzog" default="False" confcat="porn" gz="0" name="HDZog" icon="hdzog" filter="Porn" screen="hdzogGenreScreen" param1="" param2="" search="1" delim="+" searchurl="%s" searchscreen="hdzogFilmScreen" searchparam=""/>
		<plugin type="mod" modfile="porn.hotmovs" confopt="showhotmovs" default="False" confcat="porn" gz="0" name="HotMovs" icon="hotmovs" filter="Porn" screen="hotmovsGenreScreen" param1="" param2="" search="1" delim="+" searchurl="%s" searchscreen="hotmovsFilmScreen" searchparam=""/>
		<plugin type="mod" modfile="porn.voyeurhit" confopt="showvoyeurhit" default="False" confcat="porn" gz="0" name="VoyeurHit" icon="voyeurhit" filter="Porn" screen="voyeurhitGenreScreen" param1="" param2="" search="1" delim="+" searchurl="%s" searchscreen="voyeurhitFilmScreen" searchparam=""/>
		<plugin type="mod" modfile="porn.tubepornclassic" confopt="showtubepornclassic" default="False" confcat="porn" gz="0" name="TubePornClassic" icon="tubepornclassic" filter="Porn" screen="tubepornclassicGenreScreen" param1="" param2="" search="1" delim="+" searchurl="%s" searchscreen="tubepornclassicFilmScreen" searchparam=""/>
		<plugin type="mod" modfile="porn.vjav" confopt="showvjav" default="False" confcat="porn" gz="0" name="VJAV" icon="vjav" filter="Porn" screen="vjavGenreScreen" param1="" param2="" search="1" delim="+" searchurl="%s" searchscreen="vjavFilmScreen" searchparam=""/>
		<plugin type="mod" modfile="porn.shemalez" confopt="showshemalez" default="False" confcat="porn" gz="0" name="ShemaleZ" icon="shemalez" filter="Porn" screen="shemalezGenreScreen" param1="" param2="" search="1" delim="+" searchurl="%s" searchscreen="shemalezFilmScreen" searchparam=""/>
		<plugin type="mod" modfile="porn.vintagetube" confopt="showvintagetube" default="False" confcat="porn" gz="0" name="VintageTube" icon="vintagetube" filter="Porn" screen="vintagetubeGenreScreen" param1="vintagetube" param2="" search="1" delim="+" searchurl="%s" searchscreen="vintagetubeFilmScreen" searchparam=", &quot;VintageTube.xxx&quot;, &quot;vintagetube.xxx&quot;"/>
		<plugin type="mod" modfile="porn.vintagetube" confopt="showanaldin" default="False" confcat="porn" gz="0" name="Analdin" icon="analdin" filter="Porn" screen="vintagetubeGenreScreen" param1="analdin" param2="" search="1" delim="+" searchurl="%s" searchscreen="vintagetubeFilmScreen" searchparam=", &quot;Analdin.com&quot;, &quot;analdin.com&quot;"/>
		<plugin type="mod" modfile="porn.vintagetube" confopt="showxozilla" default="False" confcat="porn" gz="0" name="Xozilla" icon="xozilla" filter="Porn" screen="vintagetubeGenreScreen" param1="xozilla" param2="" search="1" delim="+" searchurl="%s" searchscreen="vintagetubeFilmScreen" searchparam=", &quot;Xozilla.com&quot;, &quot;xozilla.com&quot;"/>
		<plugin type="mod" modfile="porn.x4tube" confopt="showporntube" default="False" confcat="porn" gz="0" name="PornTube" icon="porntube" filter="Porn" screen="fourtubeGenreScreen" param1="porntube" param2="" search="1" delim="+" searchurl="%s" searchscreen="fourtubeFilmScreen" searchparam=", &quot;PornTube.com&quot;, &quot;www.porntube.com&quot;"/>
		<plugin type="mod" modfile="porn.x4tube" confopt="showfux" default="False" confcat="porn" gz="0" name="fux" icon="fux" filter="Porn" screen="fourtubeGenreScreen" param1="fux" param2="" search="1" delim="+" searchurl="%s" searchscreen="fourtubeFilmScreen" searchparam=", &quot;fux.com&quot;, &quot;www.fux.com&quot;"/>
		<plugin type="mod" modfile="porn.x4tube" confopt="showpornerbros" default="False" confcat="porn" gz="0" name="PornerBros" icon="pornerbros" filter="Porn" screen="fourtubeGenreScreen" param1="pornerbros" param2="" search="1" delim="+" searchurl="%s" searchscreen="fourtubeFilmScreen" searchparam=", &quot;PornerBros.com&quot;, &quot;www.pornerbros.com&quot;"/>
		<plugin type="mod" modfile="porn.x4tube" confopt="show4tube" default="False" confcat="porn" gz="0" name="4Tube" icon="4tube" filter="Porn" screen="fourtubeGenreScreen" param1="4tube" param2="" search="1" delim="+" searchurl="%s" searchscreen="fourtubeFilmScreen" searchparam=", &quot;4Tube.com&quot;, &quot;www.4tube.com&quot;"/>
		<plugin type="mod" modfile="porn.pinflix" confopt="showpinflix" default="False" confcat="porn" gz="0" name="Pinflix" icon="pinflix" filter="Porn" screen="pinflixGenreScreen" param1="pinflix" param2="" search="1" delim="+" searchurl="%s" searchscreen="pinflixFilmScreen" searchparam=", &quot;Pinflix.com&quot;, &quot;https://www.pinflix.com&quot;"/>
		<plugin type="mod" modfile="porn.pinflix" confopt="showpornhd" default="False" confcat="porn" gz="0" name="PornHD" icon="pornhd" filter="Porn" screen="pinflixGenreScreen" param1="pornhd" param2="" search="1" delim="+" searchurl="%s" searchscreen="pinflixFilmScreen" searchparam=", &quot;PornHD.com&quot;, &quot;https://www.pornhd.com&quot;"/>
		<plugin type="mod" modfile="porn.pinflix" confopt="showpornrox" default="False" confcat="porn" gz="0" name="Pornrox" icon="pornrox" filter="Porn" screen="pinflixGenreScreen" param1="pornrox" param2="" search="1" delim="+" searchurl="%s" searchscreen="pinflixFilmScreen" searchparam=", &quot;Pornrox.com&quot;, &quot;https://www.pornrox.com&quot;"/>
		<plugin type="mod" modfile="porn.pinflix" confopt="showgotporn" default="False" confcat="porn" gz="0" name="GotPorn" icon="gotporn" filter="Porn" screen="pinflixGenreScreen" param1="gotporn" param2="" search="1" delim="+" searchurl="%s" searchscreen="pinflixFilmScreen" searchparam=", &quot;GotPorn.com&quot;, &quot;https://www.gotporn.com&quot;"/>
		<plugin type="mod" modfile="porn.xxxdan" confopt="showxxxdan" default="False" confcat="porn" gz="0" name="XXXDan" icon="xxxdan" filter="Porn" screen="xxxdanGenreScreen" param1="xxxdan" param2="" search="1" delim="+" searchurl="%s" searchscreen="xxxdanFilmScreen" searchparam=", &quot;XXXDan.com&quot;, &quot;https://xxxdan.com&quot;"/>
		<plugin type="mod" modfile="porn.xxxdan" confopt="showwankgalore" default="False" confcat="porn" gz="0" name="WankGalore" icon="wankgalore" filter="Porn" screen="xxxdanGenreScreen" param1="wankgalore" param2="" search="1" delim="+" searchurl="%s" searchscreen="xxxdanFilmScreen" searchparam=", &quot;WankGalore.com&quot;, &quot;https://wankgalore.com&quot;"/>
		<plugin type="mod" modfile="porn.xxxdan" confopt="showjizzbunker" default="False" confcat="porn" gz="0" name="JizzBunker" icon="jizzbunker" filter="Porn" screen="xxxdanGenreScreen" param1="jizzbunker" param2="" search="1" delim="+" searchurl="%s" searchscreen="xxxdanFilmScreen" searchparam=", &quot;JizzBunker.com&quot;, &quot;https://jizzbunker.com&quot;"/>
		<plugin type="mod" modfile="porn.tubewolf" confopt="showtubewolf" default="False" confcat="porn" gz="0" name="TubeWolf" icon="tubewolf" filter="Porn" screen="tubewolfGenreScreen" param1="tubewolf" param2="" search="1" delim="+" searchurl="%s" searchscreen="tubewolfListScreen" searchparam=", &quot;TubeWolf.com&quot;, &quot;https://www.tubewolf.com&quot;"/>
		<plugin type="mod" modfile="porn.tubewolf" confopt="showalphaporno" default="False" confcat="porn" gz="0" name="AlphaPorno" icon="alphaporno" filter="Porn" screen="tubewolfGenreScreen" param1="alphaporno" param2="" search="1" delim="+" searchurl="%s" searchscreen="tubewolfListScreen" searchparam=", &quot;AlphaPorno.com&quot;, &quot;https://www.alphaporno.com&quot;"/>
		<plugin type="mod" modfile="porn.tubewolf" confopt="showzedporn" default="False" confcat="porn" gz="0" name="ZedPorn" icon="zedporn" filter="Porn" screen="tubewolfGenreScreen" param1="zedporn" param2="" search="1" delim="+" searchurl="%s" searchscreen="tubewolfListScreen" searchparam=", &quot;ZedPorn.com&quot;, &quot;https://zedporn.com&quot;"/>
		<plugin type="mod" modfile="porn.crocotube" confopt="showcrocotube" default="False" confcat="porn" gz="0" name="CrocoTube" icon="crocotube" filter="Porn" screen="crocotubeGenreScreen" param1="crocotube" param2="" search="1" delim="+" searchurl="%s" searchscreen="crocotubeListScreen" searchparam=", &quot;CrocoTube.com&quot;, &quot;https://crocotube.com&quot;"/>
		<plugin type="mod" modfile="porn.anyporn" confopt="showanyporn" default="False" confcat="porn" gz="0" name="AnyPorn" icon="anyporn" filter="Porn" screen="anypornGenreScreen" param1="anyporn" param2="" search="1" delim="-" searchurl="%s" searchscreen="anypornListScreen" searchparam=", &quot;AnyPorn.com&quot;, &quot;https://anyporn.com&quot;"/>
		<plugin type="mod" modfile="porn.anyporn" confopt="showanysex" default="False" confcat="porn" gz="0" name="AnySex" icon="anysex" filter="Porn" screen="anypornGenreScreen" param1="anysex" param2="" search="1" delim="+" searchurl="%s" searchscreen="anypornListScreen" searchparam=", &quot;AnySex.com&quot;, &quot;https://anysex.com&quot;"/>
		<plugin type="mod" modfile="porn.anyporn" confopt="showsex3" default="False" confcat="porn" gz="0" name="Sex3" icon="sex3" filter="Porn" screen="anypornGenreScreen" param1="sex3" param2="" search="1" delim="+" searchurl="%s" searchscreen="anypornListScreen" searchparam=", &quot;Sex3.com&quot;, &quot;https://sex3.com&quot;"/>
		<plugin type="mod" modfile="porn.anyporn" confopt="showhellporno" default="False" confcat="porn" gz="0" name="HellPorno" icon="hellporno" filter="Porn" screen="anypornGenreScreen" param1="hellporno" param2="" search="1" delim="+" searchurl="%s" searchscreen="anypornListScreen" searchparam=", &quot;HellPorno.com&quot;, &quot;https://hellporno.com&quot;"/>
		<plugin type="mod" modfile="porn.anyporn" confopt="showbravotube" default="False" confcat="porn" gz="0" name="BravoTube" icon="bravotube" filter="Porn" screen="anypornGenreScreen" param1="bravotube" param2="" search="1" delim="+" searchurl="%s" searchscreen="anypornListScreen" searchparam=", &quot;BravoTube.net&quot;, &quot;https://www.bravotube.net&quot;"/>
		<plugin type="mod" modfile="porn.anyporn" confopt="showbravoporn" default="False" confcat="porn" gz="0" name="BravoPorn" icon="bravoporn" filter="Porn" screen="anypornGenreScreen" param1="bravoporn" param2="" search="1" delim="+" searchurl="%s" searchscreen="anypornListScreen" searchparam=", &quot;BravoPorn.com&quot;, &quot;https://www.bravoporn.com&quot;"/>
		<plugin type="mod" modfile="porn.anyporn" confopt="showbravoteens" default="False" confcat="porn" gz="0" name="BravoTeens" icon="bravoteens" filter="Porn" screen="anypornGenreScreen" param1="bravoteens" param2="" search="1" delim="+" searchurl="%s" searchscreen="anypornListScreen" searchparam=", &quot;BravoTeens.com&quot;, &quot;https://www.bravoteens.com&quot;"/>
		<plugin type="mod" modfile="porn.anyporn" confopt="showxbabe" default="False" confcat="porn" gz="0" name="XBabe" icon="xbabe" filter="Porn" screen="anypornGenreScreen" param1="xbabe" param2="" search="1" delim="-" searchurl="%s" searchscreen="anypornListScreen" searchparam=", &quot;XBabe.com&quot;, &quot;https://xbabe.com&quot;"/>
		<plugin type="mod" modfile="porn.pornrabbit" confopt="showpornrabbit" default="False" confcat="porn" gz="0" name="PornRabbit" icon="pornrabbit" filter="Porn" screen="pornrabbitGenreScreen" param1="pornrabbit" param2="" search="1" delim="-" searchurl="%s" searchscreen="pornrabbitFilmScreen" searchparam=", &quot;PornRabbit.com&quot;, &quot;https://www.pornrabbit.com&quot;"/>
		<plugin type="mod" modfile="porn.pornrabbit" confopt="showpornwatchers" default="False" confcat="porn" gz="0" name="PornWatchers" icon="pornwatchers" filter="Porn" screen="pornrabbitGenreScreen" param1="pornwatchers" param2="" search="1" delim="-" searchurl="%s" searchscreen="pornrabbitFilmScreen" searchparam=", &quot;PornWatchers.com&quot;, &quot;https://www.pornwatchers.com&quot;"/>
		<plugin type="mod" modfile="porn.pornrabbit" confopt="showstileproject" default="False" confcat="porn" gz="0" name="StileProject" icon="stileproject" filter="Porn" screen="pornrabbitGenreScreen" param1="stileproject" param2="" search="1" delim="-" searchurl="%s" searchscreen="pornrabbitFilmScreen" searchparam=", &quot;StileProject.com&quot;, &quot;https://www.stileproject.com&quot;"/>
		<plugin type="mod" modfile="porn.pornoxo" confopt="showpornoxo" default="False" confcat="porn" gz="0" name="PornoXO" icon="pornoxo" filter="Porn" screen="pornoxoGenreScreen" param1="pornoxo" param2="" search="1" delim="_" searchurl="%s" searchscreen="pornoxoFilmScreen" searchparam=", &quot;PornoXO.com&quot;, &quot;https://www.pornoxo.com&quot;"/>
		<plugin type="mod" modfile="porn.pornoxo" confopt="showashemaletube" default="False" confcat="porn" gz="0" name="aShemaletube" icon="ashemaletube" filter="Porn" screen="pornoxoGenreScreen" param1="ashemaletube" param2="" search="1" delim="_" searchurl="%s" searchscreen="pornoxoFilmScreen" searchparam=", &quot;aShemaletube.com&quot;, &quot;https://www.ashemaletube.com&quot;"/>
		<plugin type="mod" modfile="porn.pornoxo" confopt="showfetishpapa" default="False" confcat="porn" gz="0" name="Fetishpapa" icon="fetishpapa" filter="Porn" screen="pornoxoGenreScreen" param1="fetishpapa" param2="" search="1" delim="_" searchurl="%s" searchscreen="pornoxoFilmScreen" searchparam=", &quot;Fetishpapa.com&quot;, &quot;https://www.fetishpapa.com&quot;"/>
		<plugin type="mod" modfile="porn.shesfreaky" confopt="showshesfreaky" default="False" confcat="porn" gz="0" name="ShesFreaky" icon="shesfreaky" filter="Porn" screen="shesfreakyGenreScreen" param1="" param2="" search="1" delim="-" searchurl="%s" searchscreen="shesfreakyFilmScreen" searchparam=""/>
		<plugin type="mod" modfile="porn.spankwire" confopt="showspankwire" default="False" confcat="porn" gz="0" name="Spankwire" icon="spankwire" filter="Porn" screen="spankwireGenreScreen" param1="" param2="" search="1" delim="+" searchurl="%s" searchscreen="spankwireFilmScreen" searchparam=", ''"/>
		<plugin type="mod" modfile="porn.extremetube" confopt="showextremetube" default="False" confcat="porn" gz="0" name="ExtremeTube" icon="extremetube" filter="Porn" screen="extremetubeGenreScreen" param1="" param2="" search="1" delim="+" searchurl="http://www.extremetube.com/videos?search=%s" searchscreen="extremetubeFilmScreen" searchparam=""/>
		<plugin type="mod" modfile="porn.freeones" confopt="showfreeones" default="False" confcat="porn" gz="0" name="FreeOnes" icon="freeones" filter="Porn" screen="freeonesGenreScreen" param1="" param2="" search="1" delim="+" searchurl="%s" searchscreen="freeonesFilmScreen" searchparam=""/>
		<plugin type="mod" modfile="porn.porntv" confopt="showporntv" default="False" confcat="porn" gz="0" name="PornTV" icon="porntv" filter="Porn" screen="porntvGenreScreen" param1="porntv" param2="" search="1" delim="+" searchurl="%s" searchscreen="porntvFilmScreen" searchparam=", &quot;PornTV.com&quot;, &quot;https://www.porntv.com&quot;"/>
		<plugin type="mod" modfile="porn.porntv" confopt="showyoungpornvideos" default="False" confcat="porn" gz="0" name="YoungPornVideos" icon="youngpornvideos" filter="Porn" screen="porntvGenreScreen" param1="youngpornvideos" param2="" search="1" delim="+" searchurl="%s" searchscreen="porntvFilmScreen" searchparam=", &quot;YoungPornVideos.com&quot;, &quot;https://www.youngpornvideos.com&quot;"/>
		<plugin type="mod" modfile="porn.porntv" confopt="showghettotube" default="False" confcat="porn" gz="0" name="GhettoTube" icon="ghettotube" filter="Porn" screen="porntvGenreScreen" param1="ghettotube" param2="" search="1" delim="+" searchurl="%s" searchscreen="porntvFilmScreen" searchparam=", &quot;GhettoTube.com&quot;, &quot;https://www.ghettotube.com&quot;"/>
		<plugin type="mod" modfile="porn.porntv" confopt="showteenieporn" default="False" confcat="porn" gz="0" name="TeeniePorn" icon="teenieporn" filter="Porn" screen="porntvGenreScreen" param1="teenieporn" param2="" search="1" delim="+" searchurl="%s" searchscreen="porntvFilmScreen" searchparam=", &quot;TeeniePorn.com&quot;, &quot;https://www.teenieporn.com&quot;"/>
		<plugin type="mod" modfile="porn.porntv" confopt="showasianpornmovies" default="False" confcat="porn" gz="0" name="AsianPornMovies" icon="asianpornmovies" filter="Porn" screen="porntvGenreScreen" param1="asianpornmovies" param2="" search="1" delim="+" searchurl="%s" searchscreen="porntvFilmScreen" searchparam=", &quot;AsianPornMovies.com&quot;, &quot;https://www.asianpornmovies.com&quot;"/>
		<plugin type="mod" modfile="porn.porntv" confopt="showcartoonpornvideos" default="False" confcat="porn" gz="0" name="CartoonPornVideos" icon="cartoonpornvideos" filter="Porn" screen="porntvGenreScreen" param1="cartoonpornvideos" param2="" search="1" delim="+" searchurl="%s" searchscreen="porntvFilmScreen" searchparam=", &quot;CartoonPornVideos.com&quot;, &quot;https://www.cartoonpornvideos.com&quot;"/>
		<plugin type="mod" modfile="porn.porntv" confopt="showlesbianpornvideos" default="False" confcat="porn" gz="0" name="LesbianPornVideos" icon="lesbianpornvideos" filter="Porn" screen="porntvGenreScreen" param1="lesbianpornvideos" param2="" search="1" delim="+" searchurl="%s" searchscreen="porntvFilmScreen" searchparam=", &quot;LesbianPornVideos.com&quot;, &quot;https://www.lesbianpornvideos.com&quot;"/>
		<plugin type="mod" modfile="porn.porntv" confopt="showsexoasis" default="False" confcat="porn" gz="0" name="SexOasis" icon="sexoasis" filter="Porn" screen="porntvGenreScreen" param1="sexoasis" param2="" search="1" delim="+" searchurl="%s" searchscreen="porntvFilmScreen" searchparam=", &quot;SexOasis.com&quot;, &quot;https://www.sexoasis.com&quot;"/>
		<plugin type="mod" modfile="porn.porntv" confopt="showasspoint" default="False" confcat="porn" gz="0" name="AssPoint" icon="asspoint" filter="Porn" screen="porntvGenreScreen" param1="asspoint" param2="" search="1" delim="+" searchurl="%s" searchscreen="porntvFilmScreen" searchparam=", &quot;AssPoint.com&quot;, &quot;https://www.asspoint.com&quot;"/>
		<plugin type="mod" modfile="porn.porntv" confopt="showanalpornvideos" default="False" confcat="porn" gz="0" name="AnalPornVideos" icon="analpornvideos" filter="Porn" screen="porntvGenreScreen" param1="analpornvideos" param2="" search="1" delim="+" searchurl="%s" searchscreen="porntvFilmScreen" searchparam=", &quot;AnalPornVideos.com&quot;, &quot;https://www.analpornvideos.com&quot;"/>
		<plugin type="mod" modfile="porn.porntv" confopt="showhoodtube" default="False" confcat="porn" gz="0" name="HoodTube" icon="hoodtube" filter="Porn" screen="porntvGenreScreen" param1="hoodtube" param2="" search="1" delim="+" searchurl="%s" searchscreen="porntvFilmScreen" searchparam=", &quot;HoodTube.com&quot;, &quot;https://www.hoodtube.com&quot;"/>
		<plugin type="mod" modfile="porn.porntv" confopt="showsuzisporn" default="False" confcat="porn" gz="0" name="SuzisPorn" icon="suzisporn" filter="Porn" screen="porntvGenreScreen" param1="suzisporn" param2="" search="1" delim="+" searchurl="%s" searchscreen="porntvFilmScreen" searchparam=", &quot;SuzisPorn.com&quot;, &quot;https://www.suzisporn.com&quot;"/>
		<plugin type="mod" modfile="porn.porntv" confopt="showmovieshark" default="False" confcat="porn" gz="0" name="MovieShark" icon="movieshark" filter="Porn" screen="porntvGenreScreen" param1="movieshark" param2="" search="1" delim="+" searchurl="%s" searchscreen="porntvFilmScreen" searchparam=", &quot;MovieShark.com&quot;, &quot;https://www.movieshark.com&quot;"/>
		<plugin type="mod" modfile="porn.porntv" confopt="showyoungporno" default="False" confcat="porn" gz="0" name="YoungPorno" icon="youngporno" filter="Porn" screen="porntvGenreScreen" param1="youngporno" param2="" search="1" delim="+" searchurl="%s" searchscreen="porntvFilmScreen" searchparam=", &quot;YoungPorno.com&quot;, &quot;https://www.youngporno.com&quot;"/>
		<plugin type="mod" modfile="porn.porntv" confopt="showporntitan" default="False" confcat="porn" gz="0" name="PornTitan" icon="porntitan" filter="Porn" screen="porntvGenreScreen" param1="porntitan" param2="" search="1" delim="+" searchurl="%s" searchscreen="porntvFilmScreen" searchparam=", &quot;PornTitan.com&quot;, &quot;https://www.porntitan.com&quot;"/>
		<plugin type="mod" modfile="porn.porntv" confopt="showxjizz" default="False" confcat="porn" gz="0" name="XJizz" icon="xjizz" filter="Porn" screen="porntvGenreScreen" param1="xjizz" param2="" search="1" delim="+" searchurl="%s" searchscreen="porntvFilmScreen" searchparam=", &quot;XJizz.com&quot;, &quot;https://www.xjizz.com&quot;"/>
		<plugin type="mod" modfile="porn.porntv" confopt="showmovietitan" default="False" confcat="porn" gz="0" name="MovieTitan" icon="movietitan" filter="Porn" screen="porntvGenreScreen" param1="movietitan" param2="" search="1" delim="+" searchurl="%s" searchscreen="porntvFilmScreen" searchparam=", &quot;MovieTitan.com&quot;, &quot;https://www.movietitan.com&quot;"/>
		<plugin type="mod" modfile="porn.beeg" confopt="showbeeg" default="False" confcat="porn" gz="0" name="beeg" icon="beeg" filter="Porn" screen="beegGenreScreen" param1="" param2="" search="0" delim="" searchurl="" searchscreen="" searchparam=""/>
		<plugin type="mod" modfile="porn.vporn" confopt="showvporn" default="False" confcat="porn" gz="0" name="VPORN" icon="vporn" filter="Porn" screen="vpornGenreScreen" param1="" param2="" search="1" delim="+" searchurl="%s" searchscreen="vpornFilmScreen" searchparam=", &quot;&quot;, &quot;&quot;"/>
		<plugin type="mod" modfile="porn.cliphunter" confopt="showcliphunter" default="False" confcat="porn" gz="0" name="cliphunter" icon="cliphunter" filter="Porn" screen="cliphunterGenreScreen" param1="" param2="" search="1" delim="%20" searchurl="%s" searchscreen="cliphunterFilmScreen" searchparam=""/>
		<plugin type="mod" modfile="porn.realgfporn" confopt="showrealgfporn" default="False" confcat="porn" gz="0" name="RealGFPorn" icon="realgfporn" filter="Porn" screen="realgfpornGenreScreen" param1="" param2="" search="1" delim="-" searchurl="https://www.realgfporn.com/search/%s/page" searchscreen="realgfpornFilmScreen" searchparam=""/>
		<plugin type="mod" modfile="porn.hotscope" confopt="showhotscope" default="False" confcat="porn" gz="0" name="Hotscope" icon="hotscope" filter="Porn" screen="hotscopeGenreScreen" param1="" param2="" search="1" delim="%20" searchurl="%s" searchscreen="hotscopeFilmScreen" searchparam=""/>
		<plugin type="mod" modfile="porn.eroprofile" confopt="showeroprofile" default="False" confcat="porn" gz="0" name="EroProfile" icon="eroprofile" filter="Porn" screen="eroprofileGenreScreen" param1="" param2="" search="1" delim="+" searchurl="%s" searchscreen="eroprofileFilmScreen" searchparam=", &quot;&quot;"/>
		<plugin type="mod" modfile="porn.homemoviestube" confopt="showhomemoviestube" default="False" confcat="porn" gz="0" name="HomeMoviesTube" icon="homemoviestube" filter="Porn" screen="homemoviestubeGenreScreen" param1="" param2="" search="1" delim="-" searchurl="%s" searchscreen="homemoviestubeFilmScreen" searchparam=""/>
		<plugin type="mod" modfile="porn.lovehomeporn" confopt="showlovehomeporn" default="False" confcat="porn" gz="0" name="LoveHomePorn" icon="lovehomeporn" filter="Porn" screen="lovehomepornGenreScreen" param1="" param2="" search="1" delim="+" searchurl="%s" searchscreen="lovehomepornFilmScreen" searchparam=""/>
		<plugin type="mod" modfile="porn.faapy" confopt="showfaapy" default="False" confcat="porn" gz="0" name="Faapy" icon="faapy" filter="Porn" screen="faapyGenreScreen" param1="" param2="" search="1" delim="+" searchurl="%s" searchscreen="faapyFilmScreen" searchparam=""/>
		<plugin type="mod" modfile="porn.eporner" confopt="showeporner" default="False" confcat="porn" gz="0" name="Eporner" icon="eporner" filter="Porn" screen="epornerGenreScreen" param1="" param2="" search="1" delim="-" searchurl="http://www.eporner.com/search/%s/" searchscreen="epornerFilmScreen" searchparam=""/>
		<plugin type="mod" modfile="porn.sexu" confopt="showsexu" default="False" confcat="porn" gz="0" name="Sexu" icon="sexu" filter="Porn" screen="sexuGenreScreen" param1="" param2="" search="1" delim="+" searchurl="%s" searchscreen="sexuFilmScreen" searchparam=""/>
		<plugin type="mod" modfile="porn.xpaja" confopt="showxpaja" default="False" confcat="porn" gz="0" name="xpaja" icon="xpaja" filter="Porn" screen="xpajaGenreScreen" param1="" param2="" search="1" delim="-" searchurl="%s" searchscreen="xpajaFilmScreen" searchparam=""/>
		<plugin type="mod" modfile="porn.dachix" confopt="showdachix" default="False" confcat="porn" gz="0" name="DaChix" icon="dachix" filter="Porn" screen="dachixGenreScreen" param1="dachix" param2="" search="1" delim="-" searchurl="%s" searchscreen="dachixListScreen" searchparam=", &quot;DaChix.com&quot;, &quot;http://www.dachix.com&quot;"/>
		<plugin type="mod" modfile="porn.dachix" confopt="showdeviantclip" default="False" confcat="porn" gz="0" name="DeviantClip" icon="deviantclip" filter="Porn" screen="dachixGenreScreen" param1="deviantclip" param2="" search="1" delim="-" searchurl="%s" searchscreen="dachixListScreen" searchparam=", &quot;DeviantClip.com&quot;, &quot;http://www.deviantclip.com&quot;"/>
		<plugin type="mod" modfile="porn.drtuber" confopt="showdrtuber" default="False" confcat="porn" gz="0" name="DrTuber" icon="drtuber" filter="Porn" screen="drtuberGenreScreen" param1="" param2="" search="1" delim="%20" searchurl="http://www.drtuber.com/search/videos/%s" searchscreen="drtuberFilmScreen" searchparam=""/>
		<plugin type="mod" modfile="porn.sunporno" confopt="showsunporno" default="False" confcat="porn" gz="0" name="SunPorno" icon="sunporno" filter="Porn" screen="sunpornoGenreScreen" param1="" param2="" search="1" delim="+" searchurl="%s" searchscreen="sunpornoFilmScreen" searchparam=""/>
		<plugin type="mod" modfile="porn.ahme" confopt="showahme" default="False" confcat="porn" gz="0" name="Ah-Me" icon="ahme" filter="Porn" screen="ahmeGenreScreen" param1="" param2="" search="1" delim="+" searchurl="%s" searchscreen="ahmeFilmScreen" searchparam=""/>
		<plugin type="mod" modfile="porn.moviefap" confopt="showmoviefap" default="False" confcat="porn" gz="0" name="MovieFap" icon="moviefap" filter="Porn" screen="moviefapGenreScreen" param1="" param2="" search="1" delim="+" searchurl="%s" searchscreen="moviefapFilmScreen" searchparam=""/>
	</set>
</plugins>