<?xml version="1.0" encoding="UTF-8" standalone="yes"?>
<addon id="wank_repo" name="Wank Repository" version="1.0" provider-name="wankkodi">
    <extension point="xbmc.addon.wankRepository" name="Wank Repository">
        <dir>
            <info compressed="false">https://raw.githubusercontent.com/wankkodi/wank/master/zips/addons.xml</info>
            <checksum>https://raw.githubusercontent.com/wankkodi/wank/master/zips/addons.xml.md5</checksum>
            <datadir zip="true">https://raw.githubusercontent.com/wankkodi/wank/master/zips/</datadir>
        </dir>
    </extension>
    <extension point="xbmc.addon.metadata">
        <summary>Wank Repository</summary>
        <description>Home of the Wank! Wank! Wank! add-on</description>
        <disclaimer></disclaimer>
        <platform>all</platform>
        <assets>
            <icon>icon.png</icon>
            <fanart>fanart.jpg</fanart>
        </assets>
    </extension>
</addon>
